name,email,company,role
Alice Johnson,alice@techcorp.com,TechCorp,Software Engineer
Bob Smith,bob@designhub.io,DesignHub,UI/UX Designer
Charlie Brown,charlie@marketpro.com,MarketPro,Marketing Manager
Diana Prince,diana@healthplus.org,HealthPlus,Project Lead
Edward Norton,edward@financeworld.net,FinanceWorld,Financial Analyst
Fiona Davis,fiona@edulearn.com,EduLearn,Content Writer
George Wilson,george@cloudbase.io,CloudBase,DevOps Engineer
Hannah Lee,hannah@creativelab.co,CreativeLab,Graphic Designer
Ivan Petrov,ivan@dataflow.tech,DataFlow,Data Scientist
Julia Martinez,julia@greenearth.org,GreenEarth,Sustainability Director
Kevin O'Brien,kevin@startupforge.com,StartupForge,Co-Founder
Laura Chen,laura.chen@intellisoft.com,IntelliSoft,QA Engineer
Michael Torres,mtorres@innovate.co,Innovate Co.,Product Manager
Nina Patel,nina@webvision.net,WebVision,Frontend Developer
Oliver Grant,oliver.g@logisticspro.com,LogisticsPro,Operations Manager
